Title,Minutes Played,Hours Played,Release Date,Developers,Publishers,Metascore
Rocket League,32063,534.39,7-Jul-15,"Psyonix,                                                                       Psyonix, Inc.","Psyonix,                                                                       Psyonix, Inc.",86
Counter-Strike: Global Offensive,17033,283.89,21-Aug-12,Valve,Valve,83
Bastion,11596,193.27,16-Aug-11,Supergiant Games,Warner Bros. Interactive Entertainment,86
PAYDAY 2,7332,122.2,13-Aug-13,OVERKILL - a Starbreeze Studio.,"505 Games,                                                                       Starbreeze Publishing AB",79
PLAYERUNKNOWN'S BATTLEGROUNDS,6748,112.47,21-Dec-17,"Bluehole, Inc.,                                                                       PUBG Corporation","Bluehole, Inc. ,                                                                       PUBG Corporation",86
Sid Meier's Civilization V,6422,107.04,21-Sep-10,"Firaxis Games,                                                                       Aspyr (Mac, Linux),                                                                       Aspyr (Mac),                                                                       Aspyr (Linux)","2K Games,                                                                       Aspyr (Mac, Linux),                                                                       2K,                                                                       Aspyr (Mac),                                                                       Aspyr (Linux)",90
Stardew Valley,6056,100.94,26-Feb-16,ConcernedApe,Chucklefish,89
The Elder Scrolls V: Skyrim,4849,80.82,10-Nov-11,Bethesda Game Studios,Bethesda Softworks,94
Starbound,4749,79.16,22-Jul-16,Chucklefish,",                                                                       Chucklefish",81
Rust,4634,77.24,8-Feb-18,Facepunch Studios,Facepunch Studios,69
NBA 2K15,3272,54.54,6-Oct-14,Visual Concepts,2K,
The Witcher 3: Wild Hunt,3207,53.45,18-May-15,CD PROJEKT RED,CD PROJEKT RED,93
Sid Meier's Civilization VI,3141,52.35,20-Oct-16,"Firaxis,                                                                       Aspyr (Mac),                                                                       Aspyr (Mac, Linux),                                                                       Firaxis Games,                                                                       Aspyr (Linux)","2K,                                                                       Aspyr (Mac),                                                                       Aspyr (Mac, Linux),                                                                       Aspyr (Linux)",88
Borderlands 2,2927,48.79,18-Sep-12,"Gearbox Software,                                                                       Aspyr (Mac & Linux),                                                                       Aspyr (Mac),                                                                       Aspyr (Linux)","2K Games,                                                                       Aspyr (Mac & Linux),                                                                       2K,                                                                       Aspyr (Mac),                                                                       Aspyr (Linux)",89
Amnesia: The Dark Descent,2649,44.15,8-Sep-10,Frictional Games,Frictional Games,85
Team Fortress 2,2603,43.39,10-Oct-07,Valve,Valve,92
Sid Meier's Civilization: Beyond Earth,2592,43.2,23-Oct-14,"Firaxis Games,                                                                       Aspyr (Mac),                                                                       Aspyr (Linux)","2K,                                                                       Aspyr (Mac),                                                                       Aspyr (Linux)",81
Tropico 5,2400,40,23-May-14,Haemimont Games,Kalypso Media Digital,75
Assassin's Creed IV Black Flag,2324,38.74,19-Nov-13,Ubisoft Montreal,Ubisoft,
Grand Theft Auto V,2046,34.1,13-Apr-15,Rockstar North,Rockstar Games,96
XCOM: Enemy Unknown,1975,32.92,8-Oct-12,"Firaxis Games,                                                                       Feral Interactive (Mac),                                                                       Feral Interactive (Linux)","2K Games,                                                                       Feral Interactive (Mac),                                                                       Feral Interactive (Linux),                                                                       2K",89
Faerie Solitaire,1848,30.8,17-Sep-10,Subsoap,Subsoap,
Dead Island,1756,29.27,,Techland,Deep Silver,
Banished,1751,29.19,18-Feb-14,Shining Rock Software LLC,",                                                                       Shining Rock Software LLC",
Dead Island: Epidemic,1696,28.27,20-Nov-14,Stunlock Studios,"Deep Silver ,                                                                       Deep Silver",
Rogue Legacy,1670,27.84,27-Jun-13,Cellar Door Games,",                                                                       Cellar Door Games",85
Crusader Kings II,1669,27.82,14-Feb-12,Paradox Development Studio,Paradox Interactive,82
Dead Rising 2,1603,26.72,28-Sep-10,"Blue Castle Games,                                                                       Capcom Vancouver",Capcom,78
Saints Row: The Third,1510,25.17,15-Nov-11,Volition,Deep Silver,84
FINAL FANTASY IX,1499,24.99,14-Apr-16,"SQUARE ENIX,                                                                       Square Enix","SQUARE ENIX,                                                                       Square Enix",84
The Witcher: Enhanced Edition,1466,24.44,19-Sep-08,"CD Projekt RED,                                                                       CD PROJEKT RED","CD Projekt RED,                                                                       1C-SoftClub,                                                                       CD PROJEKT RED",86
Just Cause 2,1432,23.87,23-Mar-10,"Avalanche,                                                                       Avalanche Studios","SQUARE ENIX, Eidos Interactive,                                                                       Square Enix",84
Saints Row IV,1411,23.52,20-Aug-13,Deep Silver Volition,Deep Silver,86
Middle-earth™: Shadow of Mordor™,1410,23.5,30-Sep-14,"Monolith Productions, Inc.,                                                                       Monolith Productions,                                                                       Feral Interactive (Mac),                                                                       Feral Interactive (Linux)","WB Games,                                                                       Feral Interactive (Mac)",
Fallout 4,1368,22.8,10-Nov-15,Bethesda Game Studios,Bethesda Softworks,84
Red Faction: Guerrilla Steam Edition,1299,21.65,15-Sep-09,"Volition,                                                                       Reactor Zero,                                                                       THQ Nordic","Nordic Games,                                                                       THQ Nordic",82
Endless Space,1271,21.19,4-Jul-12,"Amplitude Studios,                                                                       AMPLITUDE Studios","AMPLITUDE,                                                                       SEGA",77
Fallout: New Vegas,1264,21.07,19-Oct-10,Obsidian Entertainment,Bethesda Softworks,84
Cities: Skylines,1232,20.54,10-Mar-15,Colossal Order Ltd.,Paradox Interactive,85
Eufloria,1217,20.29,20-Oct-09,Rudolf Kremers & Alex May,Omni Systems,63
Fallout 3 - Game of the Year Edition,1165,19.42,17-Dec-09,Bethesda Game Studios,Bethesda Softworks,91
Far Cry® 3,1076,17.94,4-Dec-12,"Ubisoft Montreal, Massive Entertainment, and Ubisoft Shanghai",Ubisoft,88
Endless Legend,1033,17.22,18-Sep-14,AMPLITUDE Studios,"AMPLITUDE Studios,                                                                       SEGA",82
XCOM 2,1002,16.7,5-Feb-16,"Firaxis,                                                                       Feral Interactive (Mac),                                                                       Feral Interactive (Linux),                                                                       Firaxis Games","2K,                                                                       Feral Interactive (Mac),                                                                       Feral Interactive (Linux)",88
BioShock Infinite,971,16.19,25-Mar-13,"Irrational Games,                                                                       Aspyr (Mac),                                                                       Virtual Programming (Linux)","2K Games,                                                                       Aspyr (Mac),                                                                       2K",94
DARK SOULS™: Prepare To Die Edition,961,16.02,24-Aug-12,FromSoftware,"Namco Bandai Games,                                                                       BANDAI NAMCO Entertainment",85
DYNASTY WARRIORS 8: Xtreme Legends Complete Edition,935,15.59,13-May-14,"TECMO KOEI GAMES CO., LTD.,                                                                       KOEI TECMO GAMES CO., LTD.","TECMO KOEI GAMES CO., LTD.,                                                                       KOEI TECMO GAMES CO., LTD.",71
Solar 2,922,15.37,17-Jun-11,Murudai,Murudai,72
Mortal Kombat Komplete Edition,912,15.2,,"NetherRealm Studios,                                                                       High Voltage Software",Warner Bros. Interactive Entertainment,
Loadout,860,14.34,31-Jan-14,Edge of Reality,Edge of Reality,72
NARUTO SHIPPUDEN: Ultimate Ninja STORM 3 Full Burst,812,13.54,24-Oct-13,"CyberConnect 2,                                                                       CyberConnect2 Co. Ltd.","Namco Bandai Games,                                                                       BANDAI NAMCO Entertainment",80
Grand Theft Auto IV,755,12.59,2-Dec-08,"Rockstar North,                                                                       Rockstar Toronto",Rockstar Games,90
Sleeping Dogs™,744,12.4,,United Front Games,"SQUARE ENIX, Eidos Interactive,                                                                       Square Enix",81
The Witcher 2: Assassins of Kings Enhanced Edition,742,12.37,16-Apr-12,"CD Projekt RED,                                                                       CD PROJEKT RED","CD Projekt RED,                                                                       1C-SoftClub,                                                                       CD PROJEKT RED",88
Batman: Arkham City GOTY,733,12.22,7-Sep-12,"Rocksteady Studios,                                                                       Feral Interactive (Mac)","Warner Bros. Interactive Entertainment,                                                                       Feral Interactive (Mac)",91
Europa Universalis IV,729,12.15,13-Aug-13,Paradox Development Studio,Paradox Interactive,87
Puzzle Quest 2,697,11.62,12-Aug-10,Infinite Interactive,"Namco Networks America, Inc.",83
NBA Playgrounds,689,11.49,9-May-17,Saber Interactive,"Mad Dog Games, LLC",67
Road Redemption,674,11.24,4-Oct-17,"Dark Seas Interactive,                                                                       The Fisch Brothers,                                                                       Pixeldash,                                                                       Fish Factory Games,                                                                       EQ-Games , Pixel Dash Studios","Dark Seas Interactive,                                                                       The Fisch Brothers,                                                                       Pixeldash,                                                                       Tripwire Interactive",
Fable - The Lost Chapters,671,11.19,19-Dec-11,Lionhead Studios,"Microsoft Game Studios,                                                                       Microsoft Studios",83
The Wolf Among Us,665,11.09,11-Oct-13,Telltale Games,Telltale Games,85
Terraria,632,10.54,16-May-11,Re-Logic,Re-Logic,83
FTL: Faster Than Light,617,10.29,14-Sep-12,Subset Games,Subset Games,84
The Elder Scrolls IV: Oblivion,615,10.25,16-Jun-09,Bethesda Game Studios,Bethesda Softworks,94
Geometry Wars 3: Dimensions Evolved,587,9.79,25-Nov-14,"Lucid Games,                                                                       Aspyr (Mac & Linux)","Sierra,                                                                       Activision,                                                                       Aspyr (Mac, Linux)",
Awesomenauts,560,9.34,1-Aug-12,Ronimo Games,Ronimo Games,78
Ultimate Marvel vs. Capcom 3,552,9.2,6-Mar-17,"CAPCOM CO., LTD.","CAPCOM U.S.A., INC.",
STAR WARS™ Knights of the Old Republic™ II: The Sith Lords™,543,9.06,23-Aug-12,"Obsidian Entertainment,                                                                       Aspyr (Mac, Linux, & Windows Update)","LucasArts,                                                                       Disney Interactive,                                                                       Lucasfilm,                                                                       Aspyr (Mac, Linux)",85
Age of Empires® III: Complete Collection,543,9.06,5-Jan-12,Ensemble Studios,Microsoft Studios,81
Left 4 Dead 2,534,8.9,17-Nov-09,Valve,Valve,89
DmC Devil May Cry,532,8.87,25-Jan-13,Ninja Theory,Capcom,85
Deus Ex: Human Revolution - Director's Cut,523,8.72,25-Oct-13,"Eidos Montreal,                                                                       Feral Interactive (Mac)","SQUARE ENIX, Eidos Interactive,                                                                       Square Enix,                                                                       Feral Interactive (Mac)",91
STAR WARS™: Knights of the Old Republic™,522,8.7,5-Sep-09,"BioWare,                                                                       Aspyr (Mac)","LucasArts,                                                                       Aspyr (Mac),                                                                       Disney Interactive,                                                                       Lucasfilm",
South Park™: The Stick of Truth™,497,8.29,3-Mar-14,Obsidian Entertainment,Ubisoft,
World of Goo,462,7.7,13-Oct-08,"2D BOY ,                                                                       2D BOY",2D BOY,90
Max Payne 3,462,7.7,31-May-12,Rockstar Studios,Rockstar Games,87
Magic: The Gathering - Duels of the Planeswalkers 2013,460,7.67,20-Jun-12,Stainless Games,Wizards of the Coast LLC,77
LEGO® Harry Potter: Years 1-4,459,7.65,25-Jun-10,TT Games,Warner Bros. Interactive Entertainment,79
FINAL FANTASY XIII,459,7.65,9-Oct-14,"SQUARE ENIX,                                                                       Square Enix","SQUARE ENIX ,                                                                       Square Enix",
Hotline Miami 2: Wrong Number,458,7.64,10-Mar-15,Dennaton Games,Devolver Digital,
Hotline Miami,452,7.54,23-Oct-12,Dennaton Games,Devolver Digital,85
State of Decay,452,7.54,5-Nov-13,Undead Labs,"Microsoft Game Studios,                                                                       Microsoft Studios",79
A Hat in Time,441,7.35,5-Oct-17,Gears for Breakfast,Gears for Breakfast,79
Mafia II,417,6.95,22-Mar-11,"2K Czech,                                                                       Feral Interactive (Mac)","2K Games,                                                                       2K,                                                                       Feral Interactive (Mac)",77
Plants vs. Zombies: Game of the Year,412,6.87,5-May-09,"PopCap Games, Inc.","PopCap Games, Inc.",87
The Binding of Isaac,412,6.87,28-Sep-11,Edmund McMillen and Florian Himsl,Edmund McMillen,84
Demigod,406,6.77,14-Dec-11,Gas Powered Games,Stardock Entertainment,76
Don't Starve,404,6.74,,Klei Entertainment,Klei Entertainment,79
Reus,391,6.52,16-May-13,Abbey Games,Abbey Games,75
Red Faction,376,6.27,5-Aug-09,"Volition, Inc.","Nordic Games,                                                                       THQ Nordic",78
"Star Wars: Battlefront 2 (Classic, 2005)",375,6.25,8-Jul-09,Pandemic Studios,"LucasArts,                                                                       Lucasfilm,                                                                       Disney Interactive",78
The Forest,375,6.25,30-Apr-18,Endnight Games Ltd,Endnight Games Ltd,83
Into the Breach,375,6.25,27-Feb-18,Subset Games,Subset Games,89
NBA 2K16,372,6.2,29-Sep-15,Visual Concepts,2K,
Dragon Age: Origins - Ultimate Edition,361,6.02,26-Oct-10,BioWare,Electronic Arts,91
Chivalry: Medieval Warfare,351,5.85,16-Oct-12,Torn Banner Studios,Torn Banner Studios,79
Northgard,338,5.64,7-Mar-18,Shiro Games,Shiro Games,80
Grand Theft Auto: Episodes from Liberty City,329,5.49,13-Apr-10,Rockstar North / Toronto,Rockstar Games,
Staxel,328,5.47,23-Jan-18,Plukit,Humble Bundle,
Tom Clancy's Ghost Recon® Wildlands,314,5.24,7-Mar-17,"Ubisoft Paris,                                                                       Ubisoft Annecy,                                                                       Ubisoft Bucharest,                                                                       Ubisoft Montpellier,                                                                       Ubisoft Milan,                                                                       Reflections,                                                                       Ubisoft Belgrade",Ubisoft,
Paradigm,298,4.97,5-Apr-17,Jacob Janerka,Jacob Janerka,85
DOOM,282,4.7,13-May-16,id Software,Bethesda Softworks,85
Magic 2014,275,4.59,26-Jun-13,Stainless Games,Wizards of the Coast LLC,
Serious Sam HD: The First Encounter,268,4.47,24-Nov-09,Croteam,Devolver Digital,68
GRID,260,4.34,4-Jun-08,Codemasters Studios,Codemasters,87
BioShock,259,4.32,21-Aug-07,"2K Boston,                                                                       2K Australia","2K Games,                                                                       2K",96
Need for Speed: Hot Pursuit,254,4.24,14-Dec-10,Criterion Games,Electronic Arts,86
Age of Empires II: HD Edition,254,4.24,9-Apr-13,"Hidden Path Entertainment, Ensemble Studios,                                                                       Skybox Labs,                                                                       Hidden Path Entertainment,                                                                       Ensemble Studios",Microsoft Studios,68
Unreal Tournament 3: Black Edition,251,4.19,5-Mar-09,"Epic Games, Inc.","Epic Games, Inc.",83
Overlord,250,4.17,12-Nov-09,"Triumph Studios,                                                                       Virtual Programming",Codemasters,81
Hitman: Absolution,248,4.14,20-Nov-12,"IO Interactive,                                                                       Feral Interactive (Mac),                                                                       Io-Interactive A/S","SQUARE ENIX, Eidos Interactive,                                                                       Square Enix,                                                                       Feral Interactive (Mac),                                                                       Io-Interactive A/S",79
Risk of Rain,243,4.05,8-Nov-13,"Hopoo Games, LLC",",                                                                       Chucklefish",77
STAR WARS™ Empire at War: Gold Pack,240,4,25-May-10,Petroglyph,"LucasArts,                                                                       Lucasfilm,                                                                       Disney Interactive",
Overlord: Raising Hell,240,4,12-Nov-09,"Triumph Studios,                                                                       Virtual Programming",Codemasters,
Prison Architect,235,3.92,6-Oct-15,Introversion Software,"Introversion,                                                                       Introversion Software",83
Command and Conquer: Red Alert 3,234,3.9,8-Jan-09,EA Los Angeles,Electronic Arts,82
Realm Royale,230,3.84,,,,
Just Cause 3,226,3.77,30-Nov-15,Avalanche Studios,Square Enix,74
One Finger Death Punch,221,3.69,3-Mar-14,Silver Dollar Games,Silver Dollar Games,
RollerCoaster Tycoon 3: Platinum!,216,3.6,12-Mar-08,"Frontier,                                                                       Aspyr (Mac)","Atari,                                                                       Aspyr (Mac)",81
Audiosurf,212,3.54,15-Feb-08,Dylan Fitterer,,85
Dungeon of the Endless,212,3.54,27-Oct-14,AMPLITUDE Studios,"AMPLITUDE Studios,                                                                       SEGA",79
Shadow Warrior,210,3.5,26-Sep-13,Flying Wild Hog,Devolver Digital,73
The Jackbox Party Pack,207,3.45,26-Nov-14,"Jackbox Games, Inc.","Jackbox Games, Inc.",
The Talos Principle,195,3.25,11-Dec-14,Croteam,"Devolver Digital,                                                                       Croteam",85
Cultist Simulator,189,3.15,31-May-18,Weather Factory,"Weather Factory,                                                                       Humble Bundle",75
Ghostbusters: The Video Game,183,3.05,16-Jun-09,Terminal Reality,Atari,74
American Truck Simulator,180,3,2-Feb-16,SCS Software,SCS Software,76
Rise to Ruins,180,3,27-Oct-14,Raymond Doerr,SixtyGig Games,
The Typing of The Dead: Overkill,177,2.95,29-Oct-13,Modern Dream,SEGA,
Planet Coaster,175,2.92,17-Nov-16,Frontier Developments,Frontier Developments,84
Brütal Legend,171,2.85,26-Feb-13,Double Fine Productions,Double Fine Productions,80
Endless Space 2,171,2.85,18-May-17,AMPLITUDE Studios,SEGA,
Pinball FX2,168,2.8,10-May-13,Zen Studios,Microsoft Game Studios,84
Skyward Collapse,166,2.77,23-May-13,"Arcen Games, LLC","Arcen Games,                                                                       Arcen Games, LLC",64
Roundabout,163,2.72,18-Sep-14,No Goblin,No Goblin,75
Half-Life 2,161,2.69,16-Nov-04,Valve,Valve,96
THE KING OF FIGHTERS XIII STEAM EDITION,156,2.6,13-Sep-13,"SNK Playmore,                                                                       SNK CORPORATION","SNK Playmore,                                                                       SNK CORPORATION",
Age of Mythology: Extended Edition,156,2.6,8-May-14,"SkyBox Labs,                                                                       Ensemble Studios",Microsoft Studios,66
AI War: Fleet Command,153,2.55,21-Oct-09,"Arcen Games, LLC","Arcen Games, LLC",80
"Cook, Serve, Delicious! 2!!",151,2.52,13-Sep-17,Vertigo Gaming Inc.,Vertigo Gaming Inc.,62
Enter the Gungeon,149,2.49,5-Apr-16,Dodge Roll,Devolver Digital,84
Planets Under Attack,148,2.47,27-Sep-12,Targem Games,Topware Interactive,
The Binding of Isaac: Rebirth,146,2.44,4-Nov-14,"Nicalis, Inc.,                                                                       Edmund McMillen","Nicalis, Inc.",
Nex Machina,145,2.42,20-Jun-17,Housemarque,Housemarque,84
Dead Rising 2: Off the Record,143,2.39,11-Oct-11,Capcom Vancouver,Capcom,66
Battleborn,141,2.35,3-May-16,Gearbox Software,2K,69
Gratuitous Space Battles,140,2.34,16-Nov-09,Positech Games,Positech Games,72
PixelJunk Eden,138,2.3,2-Feb-12,"Q-Games, Ltd.,                                                                       Q-Games Ltd.","Q-Games, Ltd.,                                                                       Q-Games Ltd.",81
Half-Life: Source,136,2.27,1-Jun-04,Valve,Valve,
Poker Night at the Inventory,133,2.22,22-Nov-10,Telltale Games,,71
Plague Inc: Evolved,133,2.22,18-Feb-16,Ndemic Creations,Ndemic Creations,
Kona,130,2.17,17-Mar-17,Parabole,"Parabole,                                                                       Ravenscourt",73
Command and Conquer: Red Alert 3 - Uprising,129,2.15,6-Oct-09,EA Los Angeles,Electronic Arts,
A Valley Without Wind,125,2.09,24-Apr-12,"Arcen Games, LLC","Arcen Games, LLC",54
Medal of Honor(TM) Single Player,118,1.97,12-Oct-10,Electronic Arts,Electronic Arts,72
Tropico 4,117,1.95,1-Sep-11,Haemimont Games,Kalypso Media Digital,78
The Stanley Parable,116,1.94,17-Oct-13,Galactic Cafe,Galactic Cafe,88
Surviving Mars,116,1.94,15-Mar-18,Haemimont Games,Paradox Interactive,76
Titan Souls,113,1.89,14-Apr-15,Acid Nerve,Devolver Digital,74
STAR WARS™ Jedi Knight II: Jedi Outcast™,109,1.82,16-Sep-09,"Raven Software,                                                                       Aspyr (Mac)","LucasArts,                                                                       Aspyr (Mac),                                                                       Lucasfilm,                                                                       Disney Interactive",89
DiRT 3,105,1.75,23-May-11,Codemasters Racing Studio,Codemasters,86
Brothers - A Tale of Two Sons,104,1.74,3-Sep-13,Starbreeze Studios AB,505 Games,90
Gone Home,104,1.74,15-Aug-13,"The Fullbright Company,                                                                       Fullbright","The Fullbright Company,                                                                       Fullbright",86
Shadow Warrior Classic Redux,102,1.7,8-Jul-13,"3D Realms,                                                                       General Arcade",Devolver Digital,
Insurgency,99,1.65,22-Jan-14,New World Interactive,New World Interactive,74
LEGO® Worlds,93,1.55,7-Mar-17,"TT Games,                                                                       Traveller's Tales",Warner Bros. Interactive Entertainment,
The Walking Dead,92,1.54,24-Apr-12,Telltale Games,Telltale Games,82
STAR WARS™: Dark Forces,91,1.52,16-Sep-09,LucasArts,"LucasArts,                                                                       Lucasfilm,                                                                       Disney Interactive",
Saints Row 2,91,1.52,7-Jan-09,Volition,Deep Silver,72
Enemy Mind,91,1.52,6-Jun-14,Schell Games,Schell Games,
Punch Club,90,1.5,8-Jan-16,Lazy Bear Games,tinyBuild,73
Burnout Paradise: The Ultimate Box,88,1.47,12-Mar-09,Criterion Games,Electronic Arts,87
Titan Quest Anniversary Edition,86,1.44,31-Aug-16,"Iron Lore Entertainment,                                                                       THQ Nordic",THQ Nordic,
Poker Night 2,85,1.42,26-Apr-13,Telltale Games,Telltale Games,75
Divekick,85,1.42,20-Aug-13,"Iron Galaxy Studios,                                                                       Iron Galaxy","Iron Galaxy Studios,                                                                       Iron Galaxy",73
Cave Story+,84,1.4,22-Nov-11,"Nicalis,                                                                       Studio Pixel,                                                                       Nicalis, Inc.","Nicalis,                                                                       Nicalis, Inc.",83
Supreme Commander: Forged Alliance,80,1.34,28-Sep-11,Gas Powered Games,"Nordic Games,                                                                       Square Enix",81
METAL SLUG 3,80,1.34,14-Feb-14,"DotEmu,                                                                       SNK CORPORATION","SNK Playmore,                                                                       SNK CORPORATION",
BioShock 2,79,1.32,9-Feb-10,"2K Marin,                                                                       2K China,                                                                       Digital Extremes,                                                                       2K Australia,                                                                       Feral Interactive (Mac)","2K Games,                                                                       2K,                                                                       Feral Interactive (Mac)",88
Noitu Love 2 Devolution,79,1.32,23-Apr-12,Joakim Sandberg,Joakim Sandberg,80
Soundodger+,77,1.29,11-Oct-13,Studio Bean,Adult Swim Games,78
The Long Dark,77,1.29,1-Aug-17,Hinterland Studio Inc.,Hinterland Studio Inc.,
Super Meat Boy,75,1.25,30-Nov-10,Team Meat,,87
Omerta - City of Gangsters,74,1.24,31-Jan-13,Haemimont Games,Kalypso Media Digital,
Crypt of the NecroDancer,72,1.2,23-Apr-15,Brace Yourself Games,"Brace Yourself Games,                                                                       Klei Entertainment",87
Crash Bandicoot™ N. Sane Trilogy,72,1.2,,,,
Risen 2 - Dark Waters,70,1.17,26-Apr-12,Piranha Bytes,Deep Silver,69
Octodad: Dadliest Catch,70,1.17,30-Jan-14,Young Horses,Young Horses,69
Halo: Spartan Assault,70,1.17,4-Apr-14,"Vanguard Games,                                                                       343 Industries",Microsoft Studios,70
7 Days to Die,66,1.11,13-Dec-13,The Fun Pimps,The Fun Pimps Entertainment LLC,
Sid Meier's Civilization III: Complete,65,1.09,25-Oct-06,Firaxis Games,"2K Games,                                                                       2K",90
Sonic & All-Stars Racing Transformed Collection,65,1.09,,Sumo Digital,SEGA,
STAR WARS™: The Force Unleashed™ Ultimate Sith Edition,64,1.07,15-Dec-09,"LucasArts,                                                                       Aspyr Studios","LucasArts,                                                                       Aspyr (Mac),                                                                       Lucasfilm,                                                                       Disney Interactive",65
Fable III,61,1.02,17-May-11,Lionhead Studios,Microsoft Games Studios,75
Valiant Hearts: The Great War™ / Soldats Inconnus : Mémoires de la Grande Guerre™,61,1.02,25-Jun-14,Ubisoft Montpellier,Ubisoft,
Trine,59,0.99,2-Jul-09,Frozenbyte,Frozenbyte,80
Immortal Redneck,58,0.97,25-Apr-17,Crema,Crema,70
Dead Island Riptide,56,0.94,22-Apr-13,Techland,Deep Silver,61
Goat Simulator,56,0.94,1-Apr-14,Coffee Stain Studios,"Coffee Stain Studios,                                                                       Coffee Stain Publishing",62
Beat Hazard,54,0.9,15-Apr-10,Cold Beam Games,Cold Beam Games,70
LUFTRAUSERS,54,0.9,18-Mar-14,Vlambeer,Devolver Digital,80
How to Survive,54,0.9,29-Aug-14,Eko Software,505 Games,60
Zombie Shooter,53,0.89,27-May-09,Sigma Team Inc.,Sigma Team Inc.,
Don't Starve Together,53,0.89,21-Apr-16,Klei Entertainment,Klei Entertainment,83
Genital Jousting,53,0.89,18-Jan-18,Free Lives,Devolver Digital,68
DiRT 3 Complete Edition,52,0.87,,"Codemasters Racing Studio,                                                                       Feral Interactive (Mac)","Codemasters,                                                                       Feral Interactive (Mac)",
NotTheNameWeWanted,52,0.87,2-Jul-15,"Not Games LLP,                                                                       NotGames","Not Games LLP,                                                                       NotGames",
Game of Thrones - A Telltale Games Series,51,0.85,2-Dec-14,Telltale Games,Telltale Games,
Metro 2033,44,0.74,18-Mar-10,4A Games,Deep Silver,81
Mount Your Friends,43,0.72,29-Jul-14,Stegersaurus Software Inc.,Stegersaurus Software Inc.,
STAR WARS™ Republic Commando,42,0.7,8-Jul-09,LucasArts,"LucasArts,                                                                       Lucasfilm,                                                                       Disney Interactive",78
Surgeon Simulator,42,0.7,19-Apr-13,Bossa Studios,Bossa Studios,71
Freedom Force,40,0.67,29-May-09,Irrational Games,"2K Games,                                                                       2K",90
Portal,40,0.67,10-Oct-07,Valve,Valve,90
L.A. Noire,40,0.67,8-Nov-11,"Team Bondi,                                                                       Rockstar Leeds",Rockstar Games,83
Braid,38,0.64,10-Apr-09,Number None,Number None,90
Hitman 2: Silent Assassin,37,0.62,15-Mar-07,"IO Interactive,                                                                       Io-Interactive A/S","SQUARE ENIX, Eidos Interactive,                                                                       Io-Interactive A/S",87
Dust: An Elysian Tail,37,0.62,24-May-13,Humble Hearts LLC,Microsoft Studios,
BioShock Remastered,36,0.6,15-Sep-16,"2K Boston,                                                                       2K Australia,                                                                       Blind Squirrel,                                                                       Feral Interactive (Mac)","2K,                                                                       Feral Interactive (Mac)",80
Super Hexagon,36,0.6,27-Nov-12,Terry Cavanagh,Terry Cavanagh,88
Bully: Scholarship Edition,35,0.59,21-Oct-08,Rockstar New England,Rockstar Games,72
Jamestown,35,0.59,8-Jun-11,Final Form Games,Final Form Games,81
Tooth and Tail,35,0.59,12-Sep-17,Pocketwatch Games,Pocketwatch Games,80
Harvest: Massive Encounter,34,0.57,23-Jan-09,Oxeye Game Studio,Oxeye Game Studio,
She Remembered Caterpillars,33,0.56,17-Jan-17,jumpsuit entertainment UG (haftungsbeschränkt),"Ysbryd Games,                                                                       WhisperGames",82
STAR WARS™ Starfighter™,32,0.54,8-Jul-09,LucasArts,"LucasArts,                                                                       Lucasfilm,                                                                       Disney Interactive",71
Gunpoint,32,0.54,3-Jun-13,Suspicious Developments,"Suspicious Developments Ltd,                                                                       Suspicious Developments",83
Operation Flashpoint: Dragon Rising,32,0.54,6-Oct-09,Codemasters Studios,Codemasters,76
Party Hard,32,0.54,25-Aug-15,"Pinokl Games,                                                                       Kverta",tinyBuild,64
Secret of the Magic Crystal,31,0.52,3-Feb-10,"Artery Studios,                                                                       Artery Games","Artery Studios,                                                                       Artery Games",
Hitman: Codename 47,30,0.5,15-Mar-07,"IO Interactive,                                                                       Io-Interactive A/S","SQUARE ENIX, Eidos Interactive,                                                                       Io-Interactive A/S",73
Natural Selection 2,29,0.49,30-Oct-12,Unknown Worlds Entertainment,Unknown Worlds Entertainment,80
Monaco,29,0.49,24-Apr-13,Pocketwatch Games,Pocketwatch Games,83
RUNNING WITH RIFLES,29,0.49,2-Apr-15,"Modulaatio Games,                                                                       Osumia Games","Modulaatio Games,                                                                       Osumia Games",78
Regions Of Ruin,29,0.49,5-Feb-18,Vox,"Poysky Productions,                                                                       Phangd",
BIT.TRIP RUNNER,28,0.47,28-Feb-11,Gaijin Games,Gaijin Games,
POSTAL 2,27,0.45,2-Nov-12,Running With Scissors,Running With Scissors,59
Dead by Daylight,27,0.45,"14 Jun, 2016",Behaviour Digital Inc.,"Starbreeze Studios,                                                                       Starbreeze Publishing AB",71
Galactic Civilizations II: Ultimate Edition,26,0.44,2-Dec-11,Stardock Entertainment,Stardock Entertainment,92
Dwarfs!?,25,0.42,4-May-11,Power of 2,Tripwire Interactive,
Moon Hunters,25,0.42,10-Mar-16,Kitfox Games,Kitfox Games,62
Tidalis,24,0.4,16-Jul-10,"Arcen Games, LLC","Arcen Games, LLC",75
Blood Bowl: Chaos Edition,24,0.4,11-Oct-12,Cyanide Studios,Focus Home Interactive,
Cities in Motion 2,24,0.4,2-Apr-13,Colossal Order Ltd.,Paradox Interactive,72
Puzzle Dimension,23,0.39,21-Jun-10,"Doctor Entertainment,                                                                       Doctor Entertainment AB","Doctor Entertainment,                                                                       Doctor Entertainment AB",79
Castle Crashers,23,0.39,26-Sep-12,The Behemoth,The Behemoth,
Garry's Mod,22,0.37,29-Nov-06,"Garry,                                                                       Facepunch Studios",Valve,
Grand Theft Auto: San Andreas,21,0.35,6-Jan-11,Rockstar Games,Rockstar Games,93
Machinarium,21,0.35,16-Oct-09,Amanita Design,Amanita Design,85
Stikbold!,21,0.35,1-Apr-16,Game Swing,Curve Digital,
Jet Set Radio,20,0.34,19-Sep-12,Blit Software,"Sega,                                                                       SEGA",
Everyday Shooter,18,0.3,8-May-08,Queasy Games,,77
Kerbal Space Program,18,0.3,27-Apr-15,Squad,"Squad,                                                                       Private Division",88
Duke Nukem 3D: Megaton Edition,16,0.27,,"3D Realms,                                                                       General Arcade",Devolver Digital,
Organ Trail: Director's Cut,16,0.27,19-Mar-13,The Men Who Wear Many Hats,The Men Who Wear Many Hats,
Hero Academy,15,0.25,10-Aug-12,Robot Entertainment,Robot Entertainment,75
Spelunky,15,0.25,8-Aug-13,,Mossmouth,90
Hidden Folks,15,0.25,15-Feb-17,"Adriaan de Jongh,                                                                       Sylvain Tegroeg",Adriaan de Jongh,78
All Zombies Must Die!,14,0.24,12-Mar-12,Doublesix Games,Doublesix Games,
Sacred Citadel,14,0.24,16-Apr-13,Southend,Deep Silver,61
SpeedRunners,14,0.24,19-Apr-16,DoubleDutch Games,tinyBuild,84
Frozen Synapse,13,0.22,26-May-11,Mode 7,Mode 7,85
The Ball,13,0.22,26-Oct-10,Teotl Studios,Tripwire Interactive,68
"Papers, Please",13,0.22,8-Aug-13,3909,3909,85
Borderlands: The Pre-Sequel,13,0.22,13-Oct-14,"2K Australia,                                                                       Gearbox Software,                                                                       Aspyr (Mac & Linux),                                                                       Aspyr (Mac),                                                                       Aspyr (Linux)","2K,                                                                       Aspyr (Mac & Linux),                                                                       Aspyr (Mac),                                                                       Aspyr (Linux)",75
Unturned,13,0.22,7-Jul-17,"Nelson Sexton,                                                                       Smartly Dressed Games",Smartly Dressed Games,
Dota 2,12,0.2,9-Jul-13,Valve,Valve,90
Rock of Ages,11,0.19,7-Sep-11,ACE Team,"ATLUS,                                                                       ATLUS USA",74
Hamilton's Great Adventure,11,0.19,31-May-11,Fatshark,Fatshark,77
Microcosmum: survival of cells,11,0.19,24-Jul-15,"Alexander Byzov,                                                                       Satur Entertainment","Alexander Byzov,                                                                       Satur Entertainment",
VVVVVV,10,0.17,7-Sep-10,Terry Cavanagh,Terry Cavanagh,81
Botanicula,10,0.17,7-May-12,Amanita Design,Amanita Design,82
The Escapists 2,10,0.17,21-Aug-17,"Team17 Digital Ltd,                                                                       Mouldy Toof Studios",Team17 Digital Ltd,75
STAR WARS™ Jedi Knight: Dark Forces II,9,0.15,16-Sep-09,LucasArts,"LucasArts,                                                                       Lucasfilm,                                                                       Disney Interactive",91
Soccer Rage,9,0.15,2-Jun-15,Stamina-Games,Stamina-Games,
Mega Man Legacy Collection,9,0.15,24-Aug-15,Capcom,Capcom,85
Saira,8,0.14,,Nicklas Nygren,Kreatoriet AB,
Ampu-Tea,8,0.14,30-May-14,ProjectorGames,KISS ltd,
The Elder Scrolls V: Skyrim Special Edition,7,0.12,27-Oct-16,Bethesda Game Studios,Bethesda Softworks,74
RPG Maker VX Ace,6,0.1,10-Dec-12,Enterbrain,Degica,
Gnomoria,6,0.1,23-Feb-16,Robotronic Games,Robotronic Games,
Acceleration of SUGURI 2,6,0.1,7-Mar-18,Orange_Juice,Fruitbat Factory,
Old Man's Journey,6,0.1,17-May-17,Broken Rules,Broken Rules,76
STAR WARS™ Jedi Knight: Jedi Academy™,5,0.09,16-Sep-09,"Raven Software,                                                                       Aspyr (Mac)","LucasArts,                                                                       Aspyr (Mac),                                                                       Lucasfilm,                                                                       Disney Interactive",81
Democracy 2,4,0.07,11-Oct-12,Positech Games,"Positech,                                                                       Positech Games",
EARTH DEFENSE FORCE 4.1  The Shadow of New Despair,4,0.07,18-Jul-16,SANDLOT,D3 PUBLISHER,79
Jalopy,4,0.07,28-Mar-18,Minskworks,"Excalbur Games,                                                                       Excalibur Games",65
AVSEQ,3,0.05,23-Aug-12,Big Robot Ltd,Big Robot Ltd,
Viscera Cleanup Detail: Shadow Warrior,3,0.05,11-Oct-13,RuneStorm,Devolver Digital,
Red Faction II,2,0.04,6-Aug-09,"Volition, Inc.","Nordic Games,                                                                       THQ Nordic",64
Lethal League,2,0.04,27-Aug-14,Team Reptile,Team Reptile,82
Half-Life,1,0.02,8-Nov-98,Valve,Valve,96
Sid Meier's Civilization IV,1,0.02,25-Oct-06,Firaxis Games,"2K Games,                                                                       2K",94
Alan Wake,1,0.02,16-Feb-12,Remedy Entertainment,Remedy Entertainment,83
Blueberry Garden,1,0.02,9-Jun,"Erik SvedÃ¤ng,                                                                       Erik Svedang,                                                                       Erik Svedäng","Erik SvedÃ¤ng,                                                                       Erik Svedang,                                                                       Erik Svedäng",68
Bear With Me - Collector's Edition,1,0.02,8-Feb-18,Exordium Games,Exordium Games,
Unreal II: The Awakening,0,0,17-Mar-08,"Epic Games, Inc.","Epic Games, Inc.",75
Unreal Tournament 2004,0,0,17-Mar-04,"Epic Games, Inc.","Epic Games, Inc.",93
Unreal Tournament: Game of the Year Edition,0,0,17-Mar-08,"Epic Games, Inc.","Epic Games, Inc.",92
Unreal Gold,0,0,17-Mar-08,"Epic Games, Inc.","Epic Games, Inc.",
Team Fortress Classic,0,0,1-Apr-99,Valve,Valve,
Half-Life: Opposing Force,0,0,1-Nov-99,Gearbox Software,Valve,
Half-Life: Blue Shift,0,0,1-Jun-01,Gearbox Software,Valve,71
Half-Life 2: Deathmatch,0,0,1-Nov-04,Valve,Valve,
Half-Life 2: Lost Coast,0,0,27-Oct-05,Valve,Valve,
Half-Life Deathmatch: Source,0,0,1-May-06,Valve,Valve,
Half-Life 2: Episode One,0,0,1-Jun-06,Valve,Valve,87
Half-Life 2: Episode Two,0,0,10-Oct-07,Valve,Valve,90
The Last Remnant,0,0,9-Apr-09,"SQUARE ENIX,                                                                       Square Enix","SQUARE ENIX, Eidos Interactive,                                                                       Square Enix",66
The Elder Scrolls III: Morrowind,0,0,16-Jun-09,"Bethesda Game Studios,                                                                       Bethesda Game Studios",Bethesda Softworks,89
Serious Sam Fusion 2017 (beta),0,0,,Croteam,"Devolver Digital,                                                                       Croteam",
LEGO® Star Wars™: The Complete Saga,0,0,12-Nov-09,"Traveller's Tales ,                                                                       Traveller's Tales,                                                                       Feral Interactive (Mac)","LucasArts,                                                                       Lucasfilm,                                                                       Disney Interactive,                                                                       Feral Interactive (Mac)",77
Total War: EMPIRE - Definitive Edition,0,0,3-Mar-09,"The Creative Assembly,                                                                       Feral Interactive (Mac),                                                                       Feral Interactive (Linux),                                                                       CREATIVE ASSEMBLY","SEGA,                                                                       Feral Interactive (Mac),                                                                       Feral Interactive (Linux)",90
Sid Meier's Civilization IV: Warlords,0,0,6-Apr-07,Firaxis Games,"2K Games,                                                                       2K",84
Sid Meier's Civilization IV: Beyond the Sword,0,0,24-Jul-07,Firaxis Games,"2K Games,                                                                       2K",86
Sid Meier's Civilization IV: Colonization,0,0,23-Sep-08,Firaxis Games,"2K Games,                                                                       2K",83
Sid Meier's Civilization IV,0,0,25-Oct-06,Firaxis Games,"2K Games,                                                                       2K",94
Sid Meier's Civilization IV: Warlords,0,0,6-Apr-07,Firaxis Games,"2K Games,                                                                       2K",84
Sid Meier's Civilization IV: Beyond the Sword,0,0,24-Jul-07,Firaxis Games,"2K Games,                                                                       2K",86
Kane & Lynch 2: Dog Days,0,0,17-Aug-10,IO Interactive,"SQUARE ENIX, Eidos Interactive,                                                                       Square Enix",66
Lara Croft and the Guardian of Light,0,0,28-Sep-10,"Crystal Dynamics Inc.,                                                                       Crystal Dynamics","SQUARE ENIX, Eidos Interactive,                                                                       Square Enix",82
Oddworld: Abe's Oddysee,0,0,28-Aug-08,Oddworld Inhabitants,Oddworld Inhabitants,
Oddworld: Abe's Exoddus,0,0,28-Aug-08,Oddworld Inhabitants,Oddworld Inhabitants,
Oddworld: Munch's Oddysee,0,0,20-Dec-10,Oddworld Inhabitants,Oddworld Inhabitants,
Oddworld: Stranger's Wrath HD,0,0,20-Dec-10,Oddworld Inhabitants,Oddworld Inhabitants,
Spec Ops: The Line,0,0,25-Jun-12,"Yager,                                                                       Yager Development","2K Games,                                                                       2K,                                                                       Missing Link Games",76
Portal 2,0,0,19-Apr-11,Valve,Valve,95
Duke Nukem Forever,0,0,14-Jun-11,Gearbox Software,"2K Games,                                                                       2K",54
LIMBO,0,0,2-Aug-11,Playdead,Playdead,88
Deus Ex: Game of the Year Edition,0,0,29-Mar-07,Ion Storm,"SQUARE ENIX, Eidos Interactive,                                                                       Square Enix",90
Supreme Commander,0,0,28-Sep-11,Gas Powered Games,"Nordic Games,                                                                       Square Enix",86
Gemini Rue,0,0,26-Oct-11,Joshua Neurnberger,Wadjet Eye Games,82
Grand Theft Auto III,0,0,6-Jan-11,Rockstar Games,Rockstar Games,93
Grand Theft Auto: Vice City,0,0,10-Jan-11,Rockstar Games,Rockstar Games,94
Grand Theft Auto III,0,0,None,,,93
Grand Theft Auto: Vice City,0,0,None,,,-
Grand Theft Auto: San Andreas,0,0,None,,,-
Serious Sam 3: BFE,0,0,22-Nov-11,Croteam,Devolver Digital,72
Trine 2,0,0,6-Jun-13,Frozenbyte,Frozenbyte,84
The Darkness II,0,0,6-Feb-12,Digital Extremes,"2K Games,                                                                       2K",77
LEGO® Harry Potter: Years 5-7,0,0,5-Jan-12,"Traveller's Tales ,                                                                       Traveller's Tales",Warner Bros. Interactive Entertainment,80
Hitman: Blood Money,0,0,15-Mar-07,"IO Interactive,                                                                       Io-Interactive A/S","SQUARE ENIX, Eidos Interactive,                                                                       Io-Interactive A/S",82
Mini Ninjas,0,0,8-Sep-09,IO Interactive,"SQUARE ENIX, Eidos Interactive,                                                                       Square Enix",74
Containment: The Zombie Puzzler,0,0,2-Mar-12,Bootsnake Games,Bootsnake Games,
Faerie Solitaire Remastered,0,0,22-Dec-17,Subsoap,Subsoap,
A Valley Without Wind 2,0,0,18-Feb-13,"Arcen Games, LLC","Arcen Games,                                                                       Arcen Games, LLC",68
Deus Ex: Invisible War,0,0,29-Mar-07,Ion Storm,"SQUARE ENIX, Eidos Interactive,                                                                       Square Enix",80
Sniper Elite V2,0,0,30-Apr-12,Rebellion,Rebellion,66
Battlestations: Midway,0,0,15-Mar-07,Eidos Interactive,"SQUARE ENIX, Eidos Interactive,                                                                       Square Enix",76
Just Cause,0,0,15-Mar-07,"Avalanche,                                                                       Avalanche Studios","SQUARE ENIX, Eidos Interactive,                                                                       Square Enix",75
Thief Gold,0,0,22-May-12,Looking Glass Studios,"SQUARE ENIX, Eidos Interactive,                                                                       Square Enix",92
Gratuitous Tank Battles,0,0,17-May-12,Positech Games,Positech Games,69
BioShock 2 Remastered,0,0,15-Sep-16,"2K Marin,                                                                       2K China,                                                                       Digital Extremes,                                                                       2K Australia,                                                                       Blind Squirrel",2K,
LEGO® Batman™ 2: DC Super Heroes,0,0,22-Jun-12,TT Games,Warner Bros. Interactive Entertainment,
Eufloria HD,0,0,14-Oct-14,"Rudolf Kremers & Alex May,                                                                       Tuna",Omni Systems,
Red Faction: Armageddon,0,0,7-Jun-11,Volition,"Nordic Games,                                                                       THQ Nordic",75
Red Faction Guerrilla Re-Mars-tered,0,0,3-Jul-18,"Volition,                                                                       KAIKO",THQ Nordic,
Thomas Was Alone,0,0,12-Nov-12,"Mike Bithell,                                                                       Bithell Games","Mike Bithell,                                                                       Bithell Games",77
Lead and Gold - Gangs of the Wild West,0,0,8-Apr-10,Fatshark,"Paradox Interactive,                                                                       Fatshark",70
Bob Came in Pieces,0,0,22-Jan-10,Ludosity,Ludosity,73
McPixel,0,0,25-Sep-12,Sos,Sos Mikolaj Kaminski,76
Little Inferno,0,0,19-Nov-12,Tomorrow Corporation,Tomorrow Corporation,68
Sanctum,0,0,15-Apr-11,Coffee Stain Studios,"Coffee Stain Studios,                                                                       Coffee Stain Publishing",70
Dota 2 Test,0,0,,,,
Deadlight,0,0,25-Oct-12,"Tequila Works, S.L.",Microsoft Studios,78
Sniper Elite,0,0,16-Jul-09,Rebellion,Rebellion,76
Orcs Must Die! 2,0,0,30-Jul-12,Robot Entertainment,Robot Entertainment,83
Sonic and All-Stars Racing Transformed Metal Sonic DLC Pack,0,0,20-Feb-13,Sumo Digital,SEGA,
The Showdown Effect,0,0,5-Mar-13,Arrowhead Game Studios,Paradox Interactive,67
STAR WARS™ Jedi Knight: Mysteries of the Sith™,0,0,16-Sep-09,LucasArts,"LucasArts,                                                                       Lucasfilm,                                                                       Disney Interactive",
STAR WARS™: The Clone Wars - Republic Heroes™,0,0,6-Oct-09,Krome Studios,"LucasArts,                                                                       Lucasfilm,                                                                       Disney Interactive",46
STAR WARS™: The Force Unleashed™ II,0,0,26-Oct-10,Aspyr Studios,"LucasArts,                                                                       Lucasfilm,                                                                       Disney Interactive",59
Shattered Haven,0,0,18-Mar-13,"Arcen Games, LLC","Arcen Games,                                                                       Arcen Games, LLC",59
Darwinia,0,0,14-Jul-05,Introversion Software,Introversion Software,84
Uplink,0,0,23-Aug-06,Introversion Software,Introversion Software,75
DEFCON,0,0,29-Sep-06,Introversion Software,Introversion Software,84
Multiwinia,0,0,19-Sep-08,Introversion Software,Introversion Software,76
Sanctum 2,0,0,15-May-13,Coffee Stain Studios,"Coffee Stain Studios,                                                                       Coffee Stain Publishing",77
Resident Evil Revelations / Biohazard Revelations,0,0,21-May-13,Capcom,Capcom,77
Shadowrun Returns,0,0,25-Jul-13,Harebrained Schemes,Harebrained Holdings,76
Anomaly 2,0,0,15-May-13,"11 bit studios S.A.,                                                                       11 bit studios","11 bit studios S.A.,                                                                       11 bit studios",77
Gun Monkeys,0,0,,Size Five Games,Size Five Games,
Victoria II,0,0,30-Aug-10,Paradox Development Studio,Paradox Interactive,75
Victoria: Revolutions,0,0,20-Aug-10,Paradox Development Studio,Paradox Interactive,
Sacred 2 Gold,0,0,21-Dec-12,Ascaron,Deep Silver,
Risen,0,0,2-Oct-09,"Piranha â€“ Bytes ,                                                                       Piranha Bytes",Deep Silver,77
Anachronox,0,0,17-Oct-13,,"Square Enix, Eidos Interactive,                                                                       Square Enix",77
Medal of Honor(TM) Multiplayer,0,0,12-Oct-10,Electronic Arts,Electronic Arts,72
Rust - Staging Branch,0,0,,,,
Skullgirls ∞Endless Beta∞,0,0,,,,
Skullgirls,0,0,22-Aug-13,Lab Zero Games,"MAQL,                                                                       Marvelous,                                                                       Autumn Games",83
KnightShift,0,0,27-Sep-13,Reality Pump,Topware Interactive,
Duskers,0,0,18-May-16,Misfits Attic,Misfits Attic,83
Daikatana,0,0,1-Oct-13,,"Daikatana,                                                                       Square Enix",
Hitman: Contracts,0,0,21-Jan-14,Io-Interactive A/S,"Square Enix, Eidos Interactive,                                                                       Io-Interactive A/S",
Magicka,0,0,25-Jan-11,Arrowhead Game Studios,Paradox Interactive,74
Two Brothers,0,0,3-Dec-13,Ackk Studios,Ackk Studios,57
The Incredible Adventures of Van Helsing,0,0,22-May-13,NeocoreGames,NeocoreGames,72
Starbound - Unstable,0,0,,,,
Broken Age,0,0,28-Jan-14,Double Fine Productions,Double Fine Productions,73
Rise of the Argonauts,0,0,7-Jan-09,Liquid Entertainment,Codemasters,59
Operation Flashpoint: Red River,0,0,7-Jun-11,Codemasters Action Studio,Codemasters,67
Overlord II,0,0,24-Jun-09,"Triumph Studios,                                                                       Virtual Programming",Codemasters,79
DiRT Showdown,0,0,23-May-12,Codemasters Racing Studio,Codemasters,72
Mount & Blade: Warband,0,0,31-Mar-10,"Tale Worlds,                                                                       TaleWorlds Entertainment","Paradox Interactive,                                                                       TaleWorlds Entertainment",78
Freedom Force vs. the 3rd Reich,0,0,29-May-09,Irrational Games,"2K Games,                                                                       2K",
DARK SOULS™ II,0,0,25-Apr-14,"FromSoftware, Inc","Namco Bandai Games,                                                                       FromSoftware, Inc,                                                                       BANDAI NAMCO Entertainment",91
Deus Ex: The Fall,0,0,17-Mar-14,Square Enix,Square Enix,45
METAL GEAR SOLID V: THE PHANTOM PAIN,0,0,1-Sep-15,Konami Digital Entertainment,Konami Digital Entertainment,91
Transistor,0,0,20-May-14,Supergiant Games,Supergiant Games,83
Zombie Army Trilogy,0,0,6-Mar-15,Rebellion,Rebellion,72
The Bureau: XCOM Declassified,0,0,20-Aug-13,2K Marin,"2K Games,                                                                       2K",66
Wasteland 2,0,0,19-Sep-14,inXile Entertainment,inXile Entertainment,87
Wasteland 1 - The Original Classic,0,0,13-Nov-13,inXile Entertainment,inXile Entertainment,
Wasteland 2: Director's Cut,0,0,,inXile Entertainment,inXile Entertainment,
METAL GEAR SOLID V: GROUND ZEROES,0,0,18-Dec-14,Kojima Productions,Konami Digital Entertainment,80
Nosgoth,0,0,,Psyonix,"SQUARE ENIX, Eidos Interactive",
The Vanishing of Ethan Carter,0,0,25-Sep-14,The Astronauts,The Astronauts,82
The Vanishing of Ethan Carter Redux,0,0,,,,
Dead Rising 3,0,0,5-Sep-14,Capcom Game Studio Vancouver,Capcom,
Outlast,0,0,4-Sep-13,Red Barrels,Red Barrels,80
Life is Strange™,0,0,29-Jan-15,"DONTNOD Entertainment,                                                                       Feral Interactive (Mac),                                                                       Feral Interactive (Linux)","Square Enix,                                                                       Feral interactive (Mac),                                                                       Feral Interactive (Linux)",
Keep Talking and Nobody Explodes,0,0,8-Oct-15,Steel Crate Games,Steel Crate Games,67
Saints Row: Gat out of Hell,0,0,20-Jan-15,"Deep Silver Volition,                                                                       High Voltage Software",Deep Silver,66
Crazy Machines 3,0,0,18-Oct-16,"FAKT Software,                                                                       Fakt Software",Daedalic Entertainment,71
how do you Do It?,0,0,27-Feb-15,"Nina Freeman,                                                                       Emmett Butler,                                                                       Decky Coss,                                                                       Joni Kittaka",none,
PAYDAY: The Web Series,0,0,10-Mar-15,"OVERKILL - a Starbreeze Studio.,                                                                       Payday Productions",505 Games US,
PAYDAY: The Web Series: The Vault,0,0,22-Jun-16,,,
PAYDAY: The Web Series: Hector,0,0,10-Mar-15,,,
PAYDAY: The Web Series: The Elephant,0,0,10-Mar-15,,,
PAYDAY: The Web Series: Greta: The Assassin,0,0,10-Mar-15,,,
PAYDAY: The Web Series: Vlad & Gage,0,0,10-Mar-15,,,
PAYDAY: The Web Series: First World Bank,0,0,22-Jun-16,,,
Q.U.B.E. 2,0,0,13-Mar-18,Toxic Games,Trapped Nerve Games,76
Yooka-Laylee,0,0,11-Apr-17,Playtonic Games,Team17 Digital Ltd,73
Garfield Kart,0,0,16-Oct-15,"Artefacts Studios,                                                                       Microids","Gravity Europe SAS,                                                                       Microids",
JumpJet Rex,0,0,21-Apr-15,TreeFortress Games,TreeFortress Games,76
Hollow Knight,0,0,24-Feb-17,Team Cherry,Team Cherry,87
No Time To Explain Remastered,0,0,17-Jul-15,tinyBuild,tinyBuild,
"Gremlins, Inc.",0,0,10-Mar-16,"Alexey Bokulev,                                                                       Sergei Klimov,                                                                       Charlie Oscar Lima Tango Interactive Entertainment",Yukitama Creative Industries,75
Super 3-D Noah's Ark,0,0,23-Jun-15,"Wisdom Tree, Inc.","Piko Interactive LLC,                                                                       Classics Digital",
Sudden Strike 4,0,0,11-Aug-17,Kite Games,Kalypso Media Digital,70
Project CARS 2,0,0,21-Sep-17,Slightly Mad Studios,BANDAI NAMCO Entertainment,84
HITMAN™,0,0,11-Mar-16,"Io-Interactive,                                                                       IO Interactive A/S,                                                                       Feral Interactive (Linux),                                                                       Feral Interactive (Mac)","Square Enix,                                                                       IO Interactive A/S,                                                                       Feral Interactive (Linux),                                                                       Feral Interactive (Mac)",
Pathologic Classic HD,0,0,29-Oct-15,"Ice-pick Lodge,                                                                       General Arcade,                                                                       Ice-Pick Lodge","Gambitious Digital Entertainment,                                                                       Good Shepherd Entertainment",76
Planetary Annihilation: TITANS,0,0,18-Aug-15,Uber Entertainment,Uber Entertainment,
Darksiders II Deathinitive Edition,0,0,5-Nov-15,"Gunfire Games,                                                                       Vigil Games,                                                                       Nordic Games,                                                                       THQ Nordic","Nordic Games,                                                                       THQ Nordic",
Undertale,0,0,15-Sep-15,tobyfox,tobyfox,92
Tower Unite,0,0,8-Apr-16,PixelTail Games,PixelTail Games,
Bleed 2,0,0,8-Feb-17,Ian Campbell,Ian Campbell,83
NeuroVoider,0,0,31-Aug-16,Flying Oak Games,"Plug In Digital,                                                                       Playdius",
Dungelot : Shattered Lands,0,0,18-Feb-16,Red Winter Software,tinyBuild,78
The Dwarves,0,0,1-Dec-16,"KING Art Games,                                                                       KING Art","EuroVideo Medien,                                                                       THQ Nordic",61
Hard Reset,0,0,12-Jul-12,Flying Wild Hog,"Flying Wild Hog,                                                                       1C-SoftClub,                                                                       Good Shepherd Entertainment",73
Hard Reset Redux,0,0,3-Jun-16,Flying Wild Hog,"Gambitious Digital Entertainment,                                                                       Good Shepherd Entertainment",73
Forts,0,0,19-Apr-17,EarthWork Games,EarthWork Games,74
Full Metal Furies,0,0,17-Jan-18,Cellar Door Games,Cellar Door Games,85
Zombie Night Terror,0,0,20-Jul-16,NoClip,"Gambitious Digital Entertainment,                                                                       Good Shepherd Entertainment",81
Blackwake,0,0,24-Feb-17,Mastfire Studios Pty Ltd,Mastfire Studios Pty Ltd,
Little Nightmares,0,0,27-Apr-17,Tarsier Studios,BANDAI NAMCO Entertainment,81
Golf With Your Friends,0,0,29-Jan-16,Blacklight Interactive,Blacklight Interactive,
Rock of Ages 2,0,0,28-Aug-17,ACE Team,"ATLUS,                                                                       ATLUS USA",
Wizard of Legend,0,0,15-May-18,Contingent99,Contingent99,
Battle Chef Brigade,0,0,20-Nov-17,Trinket Studios,Adult Swim Games,80
Love is Dead,0,0,31-May-18,Curiobot,"Armor Games,                                                                       Armor Games Studios",
The Darkside Detective,0,0,27-Jul-17,Spooky Doorway,Spooky Doorway,75
RUINER,0,0,26-Sep-17,Reikon Games,Devolver Digital,75
Seven: Enhanced Edition,0,0,1-Dec-17,"IMGN.PRO,                                                                       Fool's Theory",IMGN.PRO,68
Absolver,0,0,29-Aug-17,Sloclap,Devolver Digital,75
Hearts of Iron IV,0,0,6-Jun-16,"Paradox Development Studios,                                                                       Paradox Development Studio",Paradox Interactive,83
Super Daryl Deluxe,0,0,10-Apr-18,Dan & Gary Games,Dan & Gary Games,
Figment,0,0,22-Sep-17,Bedtime Digital Games,Bedtime Digital Games,77
Aaero,0,0,11-Apr-17,Mad Fellows,"Reverb Triple XP,                                                                       Mad Fellows",
911 Operator,0,0,24-Feb-17,Jutsu Games,"PlayWay S.A.,                                                                       Games Operators",68
Observer,0,0,15-Aug-17,Bloober Team SA,Aspyr,78
3DMark,0,0,4-Feb-13,Futuremark,Futuremark,
Mafia III,0,0,7-Oct-16,"Hangar 13,                                                                       Aspyr (Mac)","2K,                                                                       Aspyr (Mac)",62
Purrfect Date,0,0,15-Dec-17,Bae Team,Bossa Studios,72
Sniper Elite 4,0,0,13-Feb-17,Rebellion,Rebellion,78
Serial Cleaner,0,0,14-Jul-17,"iFun4all S.A.,                                                                       iFun4All S.A.","iFun4all S.A.,                                                                       Curve Digital",64
Pool Panic,0,0,Coming Soon,Rekim,Adult Swim Games,
Shiness: The Lightning Kingdom,0,0,18-Apr-17,Enigami,"Enigami,                                                                       Plug In Digital,                                                                       Focus Home Interactive",68
Wandersong,0,0,Early 2018,Dumb and Fat Games,Dumb and Fat Games,
Dead Rising 4,0,0,14-Mar-17,"Capcom Game Studio Vancouver, Inc.",Capcom,74
PAYDAY 2: John Wick Weapon Pack,0,0,20-Oct-16,OVERKILL - a Starbreeze Studio.,,
Finding Paradise,0,0,14-Dec-17,Freebird Games,Freebird Games,81
Tales of Berseria,0,0,26-Jan-17,BANDAI NAMCO Studios Inc.,BANDAI NAMCO Entertainment,80
The Journey Down: Chapter Three,0,0,21-Sep-17,SkyGoblin,SkyGoblin,80
Everything,0,0,21-Apr-17,David OReilly,"David OReilly,                                                                       Double Fine Presents",78
Late Shift,0,0,18-Apr-17,CtrlMovie,Wales Interactive,79
Styx: Shards of Darkness,0,0,14-Mar-17,Cyanide Studio,Focus Home Interactive,72
Moonlighter,0,0,29-May-18,Digital Sun,"11 bit studios S.A.,                                                                       11 bit studios",76
The Surge,0,0,15-May-17,Deck13,Focus Home Interactive,72
Minit,0,0,3-Apr-18,"JW, Kitty, Jukio, and Dom",Devolver Digital,79
Dandara,0,0,6-Feb-18,Long Hat House,Raw Fury,70
Steel Rats,0,0,7-Nov-18,Tate Multimedia,Tate Multimedia,
Ken Follett's The Pillars of the Earth,0,0,15-Aug-17,"Daedalic Entertainment GmbH,                                                                       Daedalic Entertainment","Daedalic Entertainment GmbH,                                                                       Daedalic Entertainment",78
Tannenberg,0,0,16-Nov-17,"Blackmill Games,                                                                       M2H","M2H,                                                                       Blackmill Games",
Portal Knights,0,0,18-May-17,Keen Games,505 Games,72
60 Parsecs!,0,0,TBA,Robot Gentleman,Robot Gentleman,
Interplanetary,0,0,12-May-15,Team Jolly Roger,"Team Jolly Roger,                                                                       Team17 Digital Ltd",
Interplanetary: Enhanced Edition,0,0,2-Aug-17,Team Jolly Roger,Team17 Digital Ltd,
Do Not Feed the Monkeys,0,0,2018,Fictiorama Studios,"Badland Games,                                                                       BadLand Publishing",
Dungeons 3,0,0,13-Oct-17,Realmforge Studios,Kalypso Media Digital,75
Fight'N Rage,0,0,19-Sep-17,sebagamesdev,sebagamesdev,
We Were Here Too,0,0,2-Feb-18,Total Mayhem Games,Total Mayhem Games,69
Forged Battalion,0,0,16-Jan-18,Petroglyph,"Team17 Digital Limited,                                                                       Team17 Digital Ltd",
Rapture Rejects,0,0,,,,
Hellblade: Senua's Sacrifice,0,0,8-Aug-17,"Ninja Theory Ltd,                                                                       Ninja Theory","Ninja Theory Ltd,                                                                       Ninja Theory",83
Hellblade: Senua's Sacrifice VR Edition,0,0,31-Jul-18,Ninja Theory,Ninja Theory,87
Sundered,0,0,28-Jul-17,Thunder Lotus Games,Thunder Lotus Games,74
Getting Over It with Bennett Foddy,0,0,6-Dec-17,Bennett Foddy,Bennett Foddy,
Life is Strange: Before the Storm,0,0,31-Aug-17,Deck Nine,Square Enix,77
Slipstream,0,0,21-May-18,"Noctet Studio,                                                                       ansdor","Noctet Studio,                                                                       ansdor",
Monster Prom,0,0,27-Apr-18,Beautiful Glitch,Those Awesome Guys,72
Mutant Year Zero: Road to Eden,0,0,2018,The Bearded Ladies,Funcom,
Realm Royale - Test Server,0,0,,,,
I’m not a Monster,0,0,27-Sep-18,Cheerdealers,Alawar Premium,
Warhammer: Vermintide 2,0,0,8-Mar-18,Fatshark,Fatshark,82
Warhammer: Vermintide 2 Closed Test,0,0,,,,
Conan Exiles,0,0,8-May-18,Funcom,Funcom,67
Conan Exiles - Testlive Client,0,0,,,,
Middle-earth™: Shadow of War™,0,0,9-Oct-17,Monolith Productions,WB Games,
Paratopic,0,0,6-Sep-18,Arbitrary Metric,Arbitrary Metric,
Yakuza 0,0,0,1-Aug-18,SEGA,SEGA,86
"Warhammer 40,000: Mechanicus",0,0,Coming 2018,Bulwark Studios,Kasedo Games,
Murderous Pursuits,0,0,26-Apr-18,Blazing Griffin,Blazing Griffin,63
ISLANDERS,0,0,,,,
